query,error,name,marka,model,price,image_url
"400914-00212","","Насос основной","Doosan","dx225","220000","https://гидро-насос.рф/wp-content/uploads/2018/01/228.jpg"
"400914-00212","","Насос основной","Doosan","dx225","220000","https://гидро-насос.рф/wp-content/uploads/2018/01/228.jpg"
"400914-0021","","Насос основной","Hyundai","r250lc-7","180000","https://гидро-насос.рф/wp-content/uploads/2018/01/228.jpg"
"31n5-40010","","Редуктор хода в сборе","Hyundai","r160lc-7","180000","https://1reduktor.ru/wp-content/cache/thumb/dd/6216b09bd5c5add_250x310.jpg"
"31n5-40010 ""hello"" 123 ","","Редуктор хода в сборе","Hyundai","r160lc-7","180000","https://1reduktor.ru/wp-content/cache/thumb/dd/6216b09bd5c5add_250x310.jpg"
"320","not found"
"r160lc-7","","Насос основной","Hyundai","r160lc-9","150000","https://гидро-насос.рф/wp-content/uploads/2018/01/228.jpg"
"None","","Насос основной","Hyundai","r250lc-7","180000","https://гидро-насос.рф/wp-content/uploads/2019/02/31Q9-10030-1-480x480.jpg"
"насос хендай 210","not found"
"насос экскаватора hyundai r210lc","","Редуктор хода","Hyundai","r210lc-9","180000","https://1reduktor.ru/wp-content/cache/thumb/fb/ce065b3af2764fb_250x310.jpg"
"насос","","Насос основной","Doosan","dx340","360000","https://гидро-насос.рф/wp-content/uploads/2019/02/31Q9-10030-1-480x480.jpg"
"насос хендай 210","not found"
"насос хендай 210","not found"
"насос хендай 210","not found"
"насос","","Насос основной","Doosan","dx340","360000","https://гидро-насос.рф/wp-content/uploads/2019/02/31Q9-10030-1-480x480.jpg"
"насос hyundai","","Насос основной","Hyundai","r250lc-7","180000","https://гидро-насос.рф/wp-content/uploads/2019/02/31Q9-10030-1-480x480.jpg"
"насос hyundai","","Насос основной","Hyundai","r250lc-7","180000","https://гидро-насос.рф/wp-content/uploads/2019/02/31Q9-10030-1-480x480.jpg"
"насос hyundai","","Насос основной","Hyundai","r250lc-7","180000","https://гидро-насос.рф/wp-content/uploads/2019/02/31Q9-10030-1-480x480.jpg"
"насос hyundai","","Насос основной","Hyundai","r250lc-7","180000","https://гидро-насос.рф/wp-content/uploads/2019/02/31Q9-10030-1-480x480.jpg"
"doosan dx160w бортовая в сбое","not found"
"doosan dx160w бортовая в сбое","not found"
"doosan dx160w бортовая в сбое","module 'microbook' has no attribute 'predict_marka_prefix_suffix'"
"doosan","module 'microbook' has no attribute 'predict_marka_prefix_suffix'"
"doosan","name 'marka_model' is not defined"
"насос экскаватора hyundai r210lc","name 'marka_model' is not defined"
"400914-00212","","Насос основной","Doosan","dx225","220000","https://гидро-насос.рф/wp-content/uploads/2019/02/31Q9-10030-1-480x480.jpg"
"400914-00212","","400914-00212","400914-00212","Насос основной","Doosan","dx225","220000","https://гидро-насос.рф/wp-content/uploads/2019/02/31Q9-10030-1-480x480.jpg"
"doosan","cannot unpack non-iterable NoneType object"
"doosan","cannot unpack non-iterable NoneType object"
"doosan","cannot unpack non-iterable NoneType object"
"doosan","cannot unpack non-iterable NoneType object"
"doosan","cannot unpack non-iterable NoneType object"
"doosan","cannot unpack non-iterable NoneType object"
"doosan","cannot unpack non-iterable NoneType object"
"doosan","cannot unpack non-iterable NoneType object"
"doosan","cannot unpack non-iterable NoneType object"
"31n5-40010","","Редуктор хода в сборе","Hyundai","r160lc-7","180000","https://1reduktor.ru/wp-content/cache/thumb/fb/ce065b3af2764fb_250x310.jpg"
"31n5-40010","","Редуктор хода в сборе","Hyundai","r160lc-7","180000","https://1reduktor.ru/wp-content/cache/thumb/fb/ce065b3af2764fb_250x310.jpg"
"31n5-40010 ""hello"" 123","","Редуктор хода в сборе","Hyundai","r160lc-7","180000","https://1reduktor.ru/wp-content/cache/thumb/fb/ce065b3af2764fb_250x310.jpg"
"31n5-40010 ""hello"" 123","","Редуктор хода в сборе","Hyundai","r160lc-7","180000","https://1reduktor.ru/wp-content/cache/thumb/fb/ce065b3af2764fb_250x310.jpg"
"31n5-40010 ""hello"" 123","","31n5-40010","Редуктор хода в сборе","Hyundai","r160lc-7","180000","https://1reduktor.ru/wp-content/cache/thumb/fb/ce065b3af2764fb_250x310.jpg"
"31n5-40010 ""hello"" 123","","31n5-40010","Редуктор хода в сборе","Hyundai","r160lc-7","180000","https://1reduktor.ru/wp-content/cache/thumb/fb/ce065b3af2764fb_250x310.jpg"
"doosan dx160w бортовая в сбое","cannot unpack non-iterable NoneType object"
"doosan dx160w бортовая в сбое","cannot unpack non-iterable NoneType object"
"doosan dx160w ","cannot unpack non-iterable NoneType object"
"doosan","cannot unpack non-iterable NoneType object"
"31n5-40010 ""hello"" 123","","31n5-40010","Редуктор хода в сборе","Hyundai","r160lc-7","180000","https://1reduktor.ru/wp-content/cache/thumb/fb/ce065b3af2764fb_250x310.jpg"
"гидравлический насос на doosan 225 цена","cannot unpack non-iterable NoneType object"
"гидравлический","cannot unpack non-iterable NoneType object"
"doosan dx160w бортовая в сбое","cannot unpack non-iterable NoneType object"
"doosan","cannot unpack non-iterable NoneType object"
"31n5-40010","","31n5-40010","Редуктор хода в сборе","Hyundai","r160lc-7","180000","https://1reduktor.ru/wp-content/cache/thumb/fb/ce065b3af2764fb_250x310.jpg"
"doosan dx160w бортовая в сбое","cannot unpack non-iterable NoneType object"
"31n5-40010","","31n5-40010","Редуктор хода в сборе","Hyundai","r160lc-7","180000","https://1reduktor.ru/wp-content/cache/thumb/fb/ce065b3af2764fb_250x310.jpg"
"31n5-40010 rt rtewt retwe","","31n5-40010","Редуктор хода в сборе","Hyundai","r160lc-7","180000","https://1reduktor.ru/wp-content/cache/thumb/fb/ce065b3af2764fb_250x310.jpg"
"31n5-40010 rt rtewt retwe","","31n5-40010","Редуктор хода в сборе","Hyundai","r160lc-7","180000","https://1reduktor.ru/wp-content/cache/thumb/fb/ce065b3af2764fb_250x310.jpg"
"doosan dx160w бортовая в сбое","function takes at most 2 arguments (3 given)"
"насос экскаватора hyundai r210lc","function takes at most 2 arguments (3 given)"
"31n5-40010","","31n5-40010","Редуктор хода в сборе","Hyundai","r160lc-7","180000","https://1reduktor.ru/wp-content/cache/thumb/fb/ce065b3af2764fb_250x310.jpg"
"31n5-40010 rt rtewt retwe","","31n5-40010","Редуктор хода в сборе","Hyundai","r160lc-7","180000","https://1reduktor.ru/wp-content/cache/thumb/fb/ce065b3af2764fb_250x310.jpg"
"насос экскаватора hyundai r210lc","function takes at most 2 arguments (3 given)"
"насос","","None","Насос основной","Hyundai","r250lc-7","180000","https://гидро-насос.рф/wp-content/uploads/2019/02/31Q9-10030-1-480x480.jpg"
"r250lc-7","","None","Насос основной","Hyundai","r250lc-7","180000","https://гидро-насос.рф/wp-content/uploads/2019/02/31Q9-10030-1-480x480.jpg"
"r250lc-9","","None"
"r250lc","","None"
"r250lc","","None"
"r250lc","","None"
"r250lc","","None"
"гидравлический насос на doosan 225","","None"
"гидравлический","","None","Насос основной","Doosan","dx420","360000","https://гидро-насос.рф/wp-content/uploads/2019/02/31Q9-10030-1-480x480.jpg"
"гидравлический насос на doosan 225","","None"
"гидравлический насос","","None"
"гидравлический","","None"
"hyundai r210lc","","None"
"r160lc-7","","None","Насос основной","Hyundai","r160lc-7","150000","https://гидро-насос.рф/wp-content/uploads/2019/02/31Q9-10030-1-480x480.jpg"
"r160lc-7","","насос/","predict","Hyundai","r160lc-7","[{'name': 'Насос основной', 'marka': 'Hyundai', 'model': 'r160lc-7', 'price': 150000, 'image_url': 'https://гидро-насос.рф/wp-content/uploads/2019/02/31Q9-10030-1-480x480.jpg', 'groups': 'насос/гидравлический/основной'}, {'name': 'Редуктор поворота', 'marka': 'Hyundai', 'model': 'r160lc-7', 'price': 190000, 'image_url': 'https://1reduktor.ru/wp-content/cache/thumb/fb/ce065b3af2764fb_250x310.jpg', 'groups': 'редуктор/поворота/без мотора'}, {'name': 'Редуктор хода', 'marka': 'Hyundai', 'model': 'r160lc-7', 'price': 180000, 'image_url': 'https://1reduktor.ru/wp-content/cache/thumb/fb/ce065b3af2764fb_250x310.jpg', 'groups': 'редуктор/хода/без мотора'}, {'name': 'Редуктор хода в сборе', 'marka': 'Hyundai', 'model': 'r160lc-7', 'price': 180000, 'image_url': 'https://1reduktor.ru/wp-content/cache/thumb/fb/ce065b3af2764fb_250x310.jpg', 'groups': 'редуктор/хода/в сборе'}]"
"r160lc-7","","насос/","predict","Hyundai","r160lc-7","[{'name': 'Насос основной', 'marka': 'Hyundai', 'model': 'r160lc-7', 'price': 150000, 'image_url': 'https://гидро-насос.рф/wp-content/uploads/2019/02/31Q9-10030-1-480x480.jpg', 'groups': 'насос/гидравлический/основной'}, {'name': 'Редуктор поворота', 'marka': 'Hyundai', 'model': 'r160lc-7', 'price': 190000, 'image_url': 'https://1reduktor.ru/wp-content/cache/thumb/fb/ce065b3af2764fb_250x310.jpg', 'groups': 'редуктор/поворота/без мотора'}, {'name': 'Редуктор хода', 'marka': 'Hyundai', 'model': 'r160lc-7', 'price': 180000, 'image_url': 'https://1reduktor.ru/wp-content/cache/thumb/fb/ce065b3af2764fb_250x310.jpg', 'groups': 'редуктор/хода/без мотора'}, {'name': 'Редуктор хода в сборе', 'marka': 'Hyundai', 'model': 'r160lc-7', 'price': 180000, 'image_url': 'https://1reduktor.ru/wp-content/cache/thumb/fb/ce065b3af2764fb_250x310.jpg', 'groups': 'редуктор/хода/в сборе'}]"
"r160lc-9","","насос/","predict","Hyundai","r160lc-9","[{'name': 'Насос основной', 'marka': 'Hyundai', 'model': 'r160lc-9', 'price': 150000, 'image_url': 'https://гидро-насос.рф/wp-content/uploads/2019/02/31Q9-10030-1-480x480.jpg', 'groups': 'насос/гидравлический/основной'}, {'name': 'Редуктор хода', 'marka': 'Hyundai', 'model': 'r160lc-9', 'price': 180000, 'image_url': 'https://1reduktor.ru/wp-content/cache/thumb/fb/ce065b3af2764fb_250x310.jpg', 'groups': 'редуктор/хода/без мотора'}]"
"r160 9","","насос/","predict","Hyundai","r160lc-9","[{'name': 'Насос основной', 'marka': 'Hyundai', 'model': 'r160lc-9', 'price': 150000, 'image_url': 'https://гидро-насос.рф/wp-content/uploads/2019/02/31Q9-10030-1-480x480.jpg', 'groups': 'насос/гидравлический/основной'}, {'name': 'Редуктор хода', 'marka': 'Hyundai', 'model': 'r160lc-9', 'price': 180000, 'image_url': 'https://1reduktor.ru/wp-content/cache/thumb/fb/ce065b3af2764fb_250x310.jpg', 'groups': 'редуктор/хода/без мотора'}]"
"r160 9","","насос/","predict","Hyundai","r300lc-9","[{'name': 'Насос основной', 'marka': 'Hyundai', 'model': 'r300lc-9', 'price': 220000, 'image_url': 'https://гидро-насос.рф/wp-content/uploads/2019/02/31Q9-10030-1-480x480.jpg', 'groups': 'насос/гидравлический/основной'}, {'name': 'Редуктор поворота', 'marka': 'Hyundai', 'model': 'r300lc-9', 'price': 450000, 'image_url': 'https://1reduktor.ru/wp-content/cache/thumb/fb/ce065b3af2764fb_250x310.jpg', 'groups': 'редуктор/поворота/без мотора'}, {'name': 'Редуктор хода', 'marka': 'Hyundai', 'model': 'r300lc-9', 'price': 220000, 'image_url': 'https://1reduktor.ru/wp-content/cache/thumb/fb/ce065b3af2764fb_250x310.jpg', 'groups': 'редуктор/хода/без мотора'}, {'name': 'Редуктор хода в сборе', 'marka': 'Hyundai', 'model': 'r300lc-9', 'price': 220000, 'image_url': 'https://1reduktor.ru/wp-content/cache/thumb/fb/ce065b3af2764fb_250x310.jpg', 'groups': 'редуктор/хода/в сборе'}]"
"r160 9","","насос/","predict","Hyundai","r210/9","[{'name': 'Редуктор хода', 'marka': 'Hyundai', 'model': 'r210lc-9', 'price': 180000, 'image_url': 'https://1reduktor.ru/wp-content/cache/thumb/fb/ce065b3af2764fb_250x310.jpg', 'groups': 'редуктор/хода/без мотора'}, {'name': 'Редуктор хода в сборе', 'marka': 'Hyundai', 'model': 'r210lc-9', 'price': 180000, 'image_url': 'https://1reduktor.ru/wp-content/cache/thumb/fb/ce065b3af2764fb_250x310.jpg', 'groups': 'редуктор/хода/в сборе'}]"
"r160 9","","насос/","predict","Hyundai","r300lc-9","[{'name': 'Насос основной', 'marka': 'Hyundai', 'model': 'r300lc-9', 'price': 220000, 'image_url': 'https://гидро-насос.рф/wp-content/uploads/2019/02/31Q9-10030-1-480x480.jpg', 'groups': 'насос/гидравлический/основной'}, {'name': 'Редуктор поворота', 'marka': 'Hyundai', 'model': 'r300lc-9', 'price': 450000, 'image_url': 'https://1reduktor.ru/wp-content/cache/thumb/fb/ce065b3af2764fb_250x310.jpg', 'groups': 'редуктор/поворота/без мотора'}, {'name': 'Редуктор хода', 'marka': 'Hyundai', 'model': 'r300lc-9', 'price': 220000, 'image_url': 'https://1reduktor.ru/wp-content/cache/thumb/fb/ce065b3af2764fb_250x310.jpg', 'groups': 'редуктор/хода/без мотора'}, {'name': 'Редуктор хода в сборе', 'marka': 'Hyundai', 'model': 'r300lc-9', 'price': 220000, 'image_url': 'https://1reduktor.ru/wp-content/cache/thumb/fb/ce065b3af2764fb_250x310.jpg', 'groups': 'редуктор/хода/в сборе'}]"
"r160","","насос/","predict","Hyundai","r210lc-9","[{'name': 'Редуктор хода', 'marka': 'Hyundai', 'model': 'r210lc-9', 'price': 180000, 'image_url': 'https://1reduktor.ru/wp-content/cache/thumb/fb/ce065b3af2764fb_250x310.jpg', 'groups': 'редуктор/хода/без мотора'}, {'name': 'Редуктор хода в сборе', 'marka': 'Hyundai', 'model': 'r210lc-9', 'price': 180000, 'image_url': 'https://1reduktor.ru/wp-content/cache/thumb/fb/ce065b3af2764fb_250x310.jpg', 'groups': 'редуктор/хода/в сборе'}]"
"r160lc7","","насос/","predict","Hyundai","r210lc-9","[{'name': 'Редуктор хода', 'marka': 'Hyundai', 'model': 'r210lc-9', 'price': 180000, 'image_url': 'https://1reduktor.ru/wp-content/cache/thumb/fb/ce065b3af2764fb_250x310.jpg', 'groups': 'редуктор/хода/без мотора'}, {'name': 'Редуктор хода в сборе', 'marka': 'Hyundai', 'model': 'r210lc-9', 'price': 180000, 'image_url': 'https://1reduktor.ru/wp-content/cache/thumb/fb/ce065b3af2764fb_250x310.jpg', 'groups': 'редуктор/хода/в сборе'}]"
"r160lc7","","насос/","predict","Hyundai","r210lc-9","[{'name': 'Редуктор хода', 'marka': 'Hyundai', 'model': 'r210lc-9', 'price': 180000, 'image_url': 'https://1reduktor.ru/wp-content/cache/thumb/fb/ce065b3af2764fb_250x310.jpg', 'groups': 'редуктор/хода/без мотора'}, {'name': 'Редуктор хода в сборе', 'marka': 'Hyundai', 'model': 'r210lc-9', 'price': 180000, 'image_url': 'https://1reduktor.ru/wp-content/cache/thumb/fb/ce065b3af2764fb_250x310.jpg', 'groups': 'редуктор/хода/в сборе'}]"
"r160lc-9","","насос/","predict","Hyundai","r160lc-9","[{'name': 'Насос основной', 'marka': 'Hyundai', 'model': 'r160lc-9', 'price': 150000, 'image_url': 'https://гидро-насос.рф/wp-content/uploads/2019/02/31Q9-10030-1-480x480.jpg', 'groups': 'насос/гидравлический/основной'}, {'name': 'Редуктор хода', 'marka': 'Hyundai', 'model': 'r160lc-9', 'price': 180000, 'image_url': 'https://1reduktor.ru/wp-content/cache/thumb/fb/ce065b3af2764fb_250x310.jpg', 'groups': 'редуктор/хода/без мотора'}]"
"r160lc-9","","насос/","predict","Hyundai","r160lc-9","[{'name': 'Насос основной', 'marka': 'Hyundai', 'model': 'r160lc-9', 'price': 150000, 'image_url': 'https://гидро-насос.рф/wp-content/uploads/2019/02/31Q9-10030-1-480x480.jpg', 'groups': 'насос/гидравлический/основной'}, {'name': 'Редуктор хода', 'marka': 'Hyundai', 'model': 'r160lc-9', 'price': 180000, 'image_url': 'https://1reduktor.ru/wp-content/cache/thumb/fb/ce065b3af2764fb_250x310.jpg', 'groups': 'редуктор/хода/без мотора'}]"
"r160lc-9","","насос/","predict","Hyundai","r160lc-9","[{'name': 'Насос основной', 'marka': 'Hyundai', 'model': 'r160lc-9', 'price': 150000, 'image_url': 'https://гидро-насос.рф/wp-content/uploads/2019/02/31Q9-10030-1-480x480.jpg', 'groups': 'насос/гидравлический/основной'}, {'name': 'Редуктор хода', 'marka': 'Hyundai', 'model': 'r160lc-9', 'price': 180000, 'image_url': 'https://1reduktor.ru/wp-content/cache/thumb/fb/ce065b3af2764fb_250x310.jpg', 'groups': 'редуктор/хода/без мотора'}]"
"r160lc-9","","насос/","predict","Hyundai","r160lc-9","[{'name': 'Насос основной', 'marka': 'Hyundai', 'model': 'r160lc-9', 'price': 150000, 'image_url': 'https://гидро-насос.рф/wp-content/uploads/2019/02/31Q9-10030-1-480x480.jpg', 'groups': 'насос/гидравлический/основной'}, {'name': 'Редуктор хода', 'marka': 'Hyundai', 'model': 'r160lc-9', 'price': 180000, 'image_url': 'https://1reduktor.ru/wp-content/cache/thumb/fb/ce065b3af2764fb_250x310.jpg', 'groups': 'редуктор/хода/без мотора'}]"
"r160lc-9","","насос/","predict","Hyundai","r160lc-9","[{'name': 'Насос основной', 'marka': 'Hyundai', 'model': 'r160lc-9', 'price': 150000, 'image_url': 'https://гидро-насос.рф/wp-content/uploads/2019/02/31Q9-10030-1-480x480.jpg', 'groups': 'насос/гидравлический/основной'}, {'name': 'Редуктор хода', 'marka': 'Hyundai', 'model': 'r160lc-9', 'price': 180000, 'image_url': 'https://1reduktor.ru/wp-content/cache/thumb/fb/ce065b3af2764fb_250x310.jpg', 'groups': 'редуктор/хода/без мотора'}]"
"r160lc-7","","насос/","predict","Hyundai","r160lc-7","[{'name': 'Насос основной', 'marka': 'Hyundai', 'model': 'r160lc-7', 'price': 150000, 'image_url': 'https://гидро-насос.рф/wp-content/uploads/2019/02/31Q9-10030-1-480x480.jpg', 'groups': 'насос/гидравлический/основной'}, {'name': 'Редуктор поворота', 'marka': 'Hyundai', 'model': 'r160lc-7', 'price': 190000, 'image_url': 'https://1reduktor.ru/wp-content/cache/thumb/fb/ce065b3af2764fb_250x310.jpg', 'groups': 'редуктор/поворота/без мотора'}, {'name': 'Редуктор хода', 'marka': 'Hyundai', 'model': 'r160lc-7', 'price': 180000, 'image_url': 'https://1reduktor.ru/wp-content/cache/thumb/fb/ce065b3af2764fb_250x310.jpg', 'groups': 'редуктор/хода/без мотора'}, {'name': 'Редуктор хода в сборе', 'marka': 'Hyundai', 'model': 'r160lc-7', 'price': 180000, 'image_url': 'https://1reduktor.ru/wp-content/cache/thumb/fb/ce065b3af2764fb_250x310.jpg', 'groups': 'редуктор/хода/в сборе'}]"
"r160lc-7","","насос/","predict","Hyundai","r160lc-7","[{'name': 'Насос основной', 'marka': 'Hyundai', 'model': 'r160lc-7', 'price': 150000, 'image_url': 'https://гидро-насос.рф/wp-content/uploads/2019/02/31Q9-10030-1-480x480.jpg', 'groups': 'насос/гидравлический/основной'}, {'name': 'Редуктор поворота', 'marka': 'Hyundai', 'model': 'r160lc-7', 'price': 190000, 'image_url': 'https://1reduktor.ru/wp-content/cache/thumb/fb/ce065b3af2764fb_250x310.jpg', 'groups': 'редуктор/поворота/без мотора'}, {'name': 'Редуктор хода', 'marka': 'Hyundai', 'model': 'r160lc-7', 'price': 180000, 'image_url': 'https://1reduktor.ru/wp-content/cache/thumb/fb/ce065b3af2764fb_250x310.jpg', 'groups': 'редуктор/хода/без мотора'}, {'name': 'Редуктор хода в сборе', 'marka': 'Hyundai', 'model': 'r160lc-7', 'price': 180000, 'image_url': 'https://1reduktor.ru/wp-content/cache/thumb/fb/ce065b3af2764fb_250x310.jpg', 'groups': 'редуктор/хода/в сборе'}]"
"r160lc-7","","насос/","predict","Hyundai","r160lc-7","[{'name': 'Насос основной', 'marka': 'Hyundai', 'model': 'r160lc-7', 'price': 150000, 'image_url': 'https://гидро-насос.рф/wp-content/uploads/2019/02/31Q9-10030-1-480x480.jpg', 'groups': 'насос/гидравлический/основной'}, {'name': 'Редуктор поворота', 'marka': 'Hyundai', 'model': 'r160lc-7', 'price': 190000, 'image_url': 'https://1reduktor.ru/wp-content/cache/thumb/fb/ce065b3af2764fb_250x310.jpg', 'groups': 'редуктор/поворота/без мотора'}, {'name': 'Редуктор хода', 'marka': 'Hyundai', 'model': 'r160lc-7', 'price': 180000, 'image_url': 'https://1reduktor.ru/wp-content/cache/thumb/fb/ce065b3af2764fb_250x310.jpg', 'groups': 'редуктор/хода/без мотора'}, {'name': 'Редуктор хода в сборе', 'marka': 'Hyundai', 'model': 'r160lc-7', 'price': 180000, 'image_url': 'https://1reduktor.ru/wp-content/cache/thumb/fb/ce065b3af2764fb_250x310.jpg', 'groups': 'редуктор/хода/в сборе'}]"
"r160lc-7","","насос/","predict","Hyundai","r160lc-7","[{'name': 'Насос основной', 'marka': 'Hyundai', 'model': 'r160lc-7', 'price': 150000, 'image_url': 'https://гидро-насос.рф/wp-content/uploads/2019/02/31Q9-10030-1-480x480.jpg', 'groups': 'насос/гидравлический/основной'}, {'name': 'Редуктор поворота', 'marka': 'Hyundai', 'model': 'r160lc-7', 'price': 190000, 'image_url': 'https://1reduktor.ru/wp-content/cache/thumb/fb/ce065b3af2764fb_250x310.jpg', 'groups': 'редуктор/поворота/без мотора'}, {'name': 'Редуктор хода', 'marka': 'Hyundai', 'model': 'r160lc-7', 'price': 180000, 'image_url': 'https://1reduktor.ru/wp-content/cache/thumb/fb/ce065b3af2764fb_250x310.jpg', 'groups': 'редуктор/хода/без мотора'}, {'name': 'Редуктор хода в сборе', 'marka': 'Hyundai', 'model': 'r160lc-7', 'price': 180000, 'image_url': 'https://1reduktor.ru/wp-content/cache/thumb/fb/ce065b3af2764fb_250x310.jpg', 'groups': 'редуктор/хода/в сборе'}]"
"r160lc-7","","насос/","predict","Hyundai","r160lc-7","[{'name': 'Насос основной', 'marka': 'Hyundai', 'model': 'r160lc-7', 'price': 150000, 'image_url': 'https://гидро-насос.рф/wp-content/uploads/2019/02/31Q9-10030-1-480x480.jpg', 'groups': 'насос/гидравлический/основной'}, {'name': 'Редуктор поворота', 'marka': 'Hyundai', 'model': 'r160lc-7', 'price': 190000, 'image_url': 'https://1reduktor.ru/wp-content/cache/thumb/fb/ce065b3af2764fb_250x310.jpg', 'groups': 'редуктор/поворота/без мотора'}, {'name': 'Редуктор хода', 'marka': 'Hyundai', 'model': 'r160lc-7', 'price': 180000, 'image_url': 'https://1reduktor.ru/wp-content/cache/thumb/fb/ce065b3af2764fb_250x310.jpg', 'groups': 'редуктор/хода/без мотора'}, {'name': 'Редуктор хода в сборе', 'marka': 'Hyundai', 'model': 'r160lc-7', 'price': 180000, 'image_url': 'https://1reduktor.ru/wp-content/cache/thumb/fb/ce065b3af2764fb_250x310.jpg', 'groups': 'редуктор/хода/в сборе'}]"
"r160lc-7","","насос/","predict","Hyundai","r160lc-7","[{'name': 'Насос основной', 'marka': 'Hyundai', 'model': 'r160lc-7', 'price': 150000, 'image_url': 'https://гидро-насос.рф/wp-content/uploads/2019/02/31Q9-10030-1-480x480.jpg', 'groups': 'насос/гидравлический/основной'}, {'name': 'Редуктор поворота', 'marka': 'Hyundai', 'model': 'r160lc-7', 'price': 190000, 'image_url': 'https://1reduktor.ru/wp-content/cache/thumb/fb/ce065b3af2764fb_250x310.jpg', 'groups': 'редуктор/поворота/без мотора'}, {'name': 'Редуктор хода', 'marka': 'Hyundai', 'model': 'r160lc-7', 'price': 180000, 'image_url': 'https://1reduktor.ru/wp-content/cache/thumb/fb/ce065b3af2764fb_250x310.jpg', 'groups': 'редуктор/хода/без мотора'}, {'name': 'Редуктор хода в сборе', 'marka': 'Hyundai', 'model': 'r160lc-7', 'price': 180000, 'image_url': 'https://1reduktor.ru/wp-content/cache/thumb/fb/ce065b3af2764fb_250x310.jpg', 'groups': 'редуктор/хода/в сборе'}]"
"r160lc-7","","насос/","predict","Hyundai","r160lc-7","[{'name': 'Насос основной', 'marka': 'Hyundai', 'model': 'r160lc-7', 'price': 150000, 'image_url': 'https://гидро-насос.рф/wp-content/uploads/2019/02/31Q9-10030-1-480x480.jpg', 'groups': 'насос/гидравлический/основной'}, {'name': 'Редуктор поворота', 'marka': 'Hyundai', 'model': 'r160lc-7', 'price': 190000, 'image_url': 'https://1reduktor.ru/wp-content/cache/thumb/fb/ce065b3af2764fb_250x310.jpg', 'groups': 'редуктор/поворота/без мотора'}, {'name': 'Редуктор хода', 'marka': 'Hyundai', 'model': 'r160lc-7', 'price': 180000, 'image_url': 'https://1reduktor.ru/wp-content/cache/thumb/fb/ce065b3af2764fb_250x310.jpg', 'groups': 'редуктор/хода/без мотора'}, {'name': 'Редуктор хода в сборе', 'marka': 'Hyundai', 'model': 'r160lc-7', 'price': 180000, 'image_url': 'https://1reduktor.ru/wp-content/cache/thumb/fb/ce065b3af2764fb_250x310.jpg', 'groups': 'редуктор/хода/в сборе'}]"
"r160lc-7","","насос/","predict","Hyundai","r160lc-7","[{'name': 'Насос основной', 'marka': 'Hyundai', 'model': 'r160lc-7', 'price': 150000, 'image_url': 'https://гидро-насос.рф/wp-content/uploads/2019/02/31Q9-10030-1-480x480.jpg', 'groups': 'насос/гидравлический/основной'}, {'name': 'Редуктор поворота', 'marka': 'Hyundai', 'model': 'r160lc-7', 'price': 190000, 'image_url': 'https://1reduktor.ru/wp-content/cache/thumb/fb/ce065b3af2764fb_250x310.jpg', 'groups': 'редуктор/поворота/без мотора'}, {'name': 'Редуктор хода', 'marka': 'Hyundai', 'model': 'r160lc-7', 'price': 180000, 'image_url': 'https://1reduktor.ru/wp-content/cache/thumb/fb/ce065b3af2764fb_250x310.jpg', 'groups': 'редуктор/хода/без мотора'}, {'name': 'Редуктор хода в сборе', 'marka': 'Hyundai', 'model': 'r160lc-7', 'price': 180000, 'image_url': 'https://1reduktor.ru/wp-content/cache/thumb/fb/ce065b3af2764fb_250x310.jpg', 'groups': 'редуктор/хода/в сборе'}]"
"гидравлический насос на doosan 225","","насос/гидравлический/","predict","Doosan","225","[]"
"гидравлический","","насос/гидравлический/","predict","Hyundai","r250lc-7","[{'name': 'Насос основной', 'marka': 'Hyundai', 'model': 'r250lc-7', 'price': 180000, 'image_url': 'https://гидро-насос.рф/wp-content/uploads/2019/02/31Q9-10030-1-480x480.jpg', 'groups': 'насос/гидравлический/основной'}, {'name': 'Редуктор поворота', 'marka': 'Hyundai', 'model': 'r250lc-7', 'price': 180000, 'image_url': 'https://1reduktor.ru/wp-content/cache/thumb/fb/ce065b3af2764fb_250x310.jpg', 'groups': 'редуктор/поворота/без мотора'}, {'name': 'Редуктор поворота', 'marka': 'Hyundai', 'model': 'r250lc-7', 'price': 190000, 'image_url': 'https://1reduktor.ru/wp-content/cache/thumb/fb/ce065b3af2764fb_250x310.jpg', 'groups': 'редуктор/поворота/без мотора'}, {'name': 'Редуктор хода', 'marka': 'Hyundai', 'model': 'r250lc-7', 'price': 180000, 'image_url': 'https://1reduktor.ru/wp-content/cache/thumb/fb/ce065b3af2764fb_250x310.jpg', 'groups': 'редуктор/хода/без мотора'}, {'name': 'Редуктор хода в сборе', 'marka': 'Hyundai', 'model': 'r250lc-7', 'price': 120000, 'image_url': 'https://1reduktor.ru/wp-content/cache/thumb/fb/ce065b3af2764fb_250x310.jpg', 'groups': 'редуктор/хода/в сборе'}]"
"гидравлический насос на doosan 225","","насос/гидравлический/","predict","Doosan","225","[]"
"гидравлический насос на doosan 225","","насос/гидравлический/","predict","Doosan","225","[]"
"насос экскаватора hyundai r210lc","","насос/","predict","Hyundai","r210lc-9","[{'name': 'Редуктор хода', 'marka': 'Hyundai', 'model': 'r210lc-9', 'price': 180000, 'image_url': 'https://1reduktor.ru/wp-content/cache/thumb/fb/ce065b3af2764fb_250x310.jpg', 'groups': 'редуктор/хода/без мотора'}, {'name': 'Редуктор хода в сборе', 'marka': 'Hyundai', 'model': 'r210lc-9', 'price': 180000, 'image_url': 'https://1reduktor.ru/wp-content/cache/thumb/fb/ce065b3af2764fb_250x310.jpg', 'groups': 'редуктор/хода/в сборе'}]"
"насос экскаватора hyundai r210lc","","насос/","predict","Hyundai","210","[]"
"насос экскаватора hyundai r210lc","","насос/","predict","Hyundai","210","[]"
"31n5-40010 rt rtewt retwe","","редуктор/запчасти","sql","31n5-40010","[{'name': 'Редуктор хода в сборе', 'marka': 'Hyundai', 'model': 'r160lc-7', 'price': 180000, 'image_url': 'https://1reduktor.ru/wp-content/cache/thumb/fb/ce065b3af2764fb_250x310.jpg', 'groups': 'редуктор/хода/в сборе'}]"
"31n5-40010 rt rtewt retwe","","редуктор/запчасти","sql","31n5-40010","[{'name': 'Редуктор хода в сборе', 'marka': 'Hyundai', 'model': 'r160lc-7', 'price': 180000, 'image_url': 'https://1reduktor.ru/wp-content/cache/thumb/fb/ce065b3af2764fb_250x310.jpg', 'groups': 'редуктор/хода/в сборе'}]"
"гидравлический насос на doosan 225 цена","","насос/гидравлический/","predict","Doosan","solar 225lcv","[{'name': 'Редуктор хода', 'marka': 'Doosan', 'model': 'solar 225lcv', 'price': 180000, 'image_url': 'https://1reduktor.ru/wp-content/cache/thumb/fb/ce065b3af2764fb_250x310.jpg', 'groups': 'редуктор/хода/без мотора'}]"
"гидравлический насос на doosan 225 цена","","насос/гидравлический/","predict","Doosan","225","[]"
"гидравлический насос на doosan 225 цена","","насос/гидравлический/","predict","Hyundai","r210lc-9","[{'name': 'Редуктор хода', 'marka': 'Hyundai', 'model': 'r210lc-9', 'price': 180000, 'image_url': 'https://1reduktor.ru/wp-content/cache/thumb/fb/ce065b3af2764fb_250x310.jpg', 'groups': 'редуктор/хода/без мотора'}, {'name': 'Редуктор хода в сборе', 'marka': 'Hyundai', 'model': 'r210lc-9', 'price': 180000, 'image_url': 'https://1reduktor.ru/wp-content/cache/thumb/fb/ce065b3af2764fb_250x310.jpg', 'groups': 'редуктор/хода/в сборе'}]"
"гидравлический насос на doosan 225 цена","","насос/гидравлический/","predict","Doosan","225","[]"
"гидравлический насос на doosan 225 цена","","насос/гидравлический/","predict","Hyundai","r210lc-9","[{'name': 'Редуктор хода', 'marka': 'Hyundai', 'model': 'r210lc-9', 'price': 180000, 'image_url': 'https://1reduktor.ru/wp-content/cache/thumb/fb/ce065b3af2764fb_250x310.jpg', 'groups': 'редуктор/хода/без мотора'}, {'name': 'Редуктор хода в сборе', 'marka': 'Hyundai', 'model': 'r210lc-9', 'price': 180000, 'image_url': 'https://1reduktor.ru/wp-content/cache/thumb/fb/ce065b3af2764fb_250x310.jpg', 'groups': 'редуктор/хода/в сборе'}]"
"гидравлический насос на doosan 225 цена","","насос/гидравлический/","predict","Hyundai","r160lc-9","[{'name': 'Насос основной', 'marka': 'Hyundai', 'model': 'r160lc-9', 'price': 150000, 'image_url': 'https://гидро-насос.рф/wp-content/uploads/2019/02/31Q9-10030-1-480x480.jpg', 'groups': 'насос/гидравлический/основной'}, {'name': 'Редуктор хода', 'marka': 'Hyundai', 'model': 'r160lc-9', 'price': 180000, 'image_url': 'https://1reduktor.ru/wp-content/cache/thumb/fb/ce065b3af2764fb_250x310.jpg', 'groups': 'редуктор/хода/без мотора'}]"
"гидравлический насос на doosan 225 цена","","насос/гидравлический/","predict","Doosan","225","[]"
"гидравлический насос на doosan 225 цена","","насос/гидравлический/","predict","Doosan","225","[]"
"гидравлический насос на doosan 225 цена","","насос/гидравлический/","predict","Doosan","225","[]"
"гидравлический насос на doosan 225 цена","","насос/гидравлический/","predict","Hyundai","r210lc-9","[{'name': 'Редуктор хода', 'marka': 'Hyundai', 'model': 'r210lc-9', 'price': 180000, 'image_url': 'https://1reduktor.ru/wp-content/cache/thumb/fb/ce065b3af2764fb_250x310.jpg', 'groups': 'редуктор/хода/без мотора'}, {'name': 'Редуктор хода в сборе', 'marka': 'Hyundai', 'model': 'r210lc-9', 'price': 180000, 'image_url': 'https://1reduktor.ru/wp-content/cache/thumb/fb/ce065b3af2764fb_250x310.jpg', 'groups': 'редуктор/хода/в сборе'}]"
"гидравлический насос на doosan 225 цена","","насос/гидравлический/","predict","Doosan","solar 225lcv","[{'name': 'Редуктор хода', 'marka': 'Doosan', 'model': 'solar 225lcv', 'price': 180000, 'image_url': 'https://1reduktor.ru/wp-content/cache/thumb/fb/ce065b3af2764fb_250x310.jpg', 'groups': 'редуктор/хода/без мотора'}]"
"гидравлический насос на doosan 225 цена","","насос/гидравлический/","predict","Hyundai","r210lc-9","[{'name': 'Редуктор хода', 'marka': 'Hyundai', 'model': 'r210lc-9', 'price': 180000, 'image_url': 'https://1reduktor.ru/wp-content/cache/thumb/fb/ce065b3af2764fb_250x310.jpg', 'groups': 'редуктор/хода/без мотора'}, {'name': 'Редуктор хода в сборе', 'marka': 'Hyundai', 'model': 'r210lc-9', 'price': 180000, 'image_url': 'https://1reduktor.ru/wp-content/cache/thumb/fb/ce065b3af2764fb_250x310.jpg', 'groups': 'редуктор/хода/в сборе'}]"
"гидравлический насос на doosan 225 цена","","насос/гидравлический/","predict","Doosan","225","[]"
"гидравлический насос на doosan 225 цена","","насос/гидравлический/","predict","Hyundai","r160lc-9","[{'name': 'Насос основной', 'marka': 'Hyundai', 'model': 'r160lc-9', 'price': 150000, 'image_url': 'https://гидро-насос.рф/wp-content/uploads/2019/02/31Q9-10030-1-480x480.jpg', 'groups': 'насос/гидравлический/основной'}, {'name': 'Редуктор хода', 'marka': 'Hyundai', 'model': 'r160lc-9', 'price': 180000, 'image_url': 'https://1reduktor.ru/wp-content/cache/thumb/fb/ce065b3af2764fb_250x310.jpg', 'groups': 'редуктор/хода/без мотора'}]"
"гидравлический насос на doosan 225 цена","","насос/гидравлический/","predict","Doosan","225","[]"
"гидравлический насос на doosan 225 цена","","насос/гидравлический/","predict","Doosan","225","[]"
"гидравлический насос на doosan 225 цена","","насос/гидравлический/","predict","Hyundai","r210lc-9","[{'name': 'Редуктор хода', 'marka': 'Hyundai', 'model': 'r210lc-9', 'price': 180000, 'image_url': 'https://1reduktor.ru/wp-content/cache/thumb/fb/ce065b3af2764fb_250x310.jpg', 'groups': 'редуктор/хода/без мотора'}, {'name': 'Редуктор хода в сборе', 'marka': 'Hyundai', 'model': 'r210lc-9', 'price': 180000, 'image_url': 'https://1reduktor.ru/wp-content/cache/thumb/fb/ce065b3af2764fb_250x310.jpg', 'groups': 'редуктор/хода/в сборе'}]"
"гидравлический насос на doosan 225 цена","","насос/гидравлический/","predict","Hyundai","r210lc-9","[{'name': 'Редуктор хода', 'marka': 'Hyundai', 'model': 'r210lc-9', 'price': 180000, 'image_url': 'https://1reduktor.ru/wp-content/cache/thumb/fb/ce065b3af2764fb_250x310.jpg', 'groups': 'редуктор/хода/без мотора'}, {'name': 'Редуктор хода в сборе', 'marka': 'Hyundai', 'model': 'r210lc-9', 'price': 180000, 'image_url': 'https://1reduktor.ru/wp-content/cache/thumb/fb/ce065b3af2764fb_250x310.jpg', 'groups': 'редуктор/хода/в сборе'}]"
"гидравлический насос на doosan 225 цена","","насос/гидравлический/","predict","Doosan","225","[]"
"гидравлический насос на doosan 225 цена","","насос/гидравлический/","predict","Doosan","225","[]"
"гидравлический насос на doosan 225 цена","","насос/гидравлический/","predict","Doosan","solar 225lcv","[{'name': 'Редуктор хода', 'marka': 'Doosan', 'model': 'solar 225lcv', 'price': 180000, 'image_url': 'https://1reduktor.ru/wp-content/cache/thumb/fb/ce065b3af2764fb_250x310.jpg', 'groups': 'редуктор/хода/без мотора'}]"
"гидравлический насос на doosan 225 цена","","насос/гидравлический/","predict","Hyundai","r210lc-9","[{'name': 'Редуктор хода', 'marka': 'Hyundai', 'model': 'r210lc-9', 'price': 180000, 'image_url': 'https://1reduktor.ru/wp-content/cache/thumb/fb/ce065b3af2764fb_250x310.jpg', 'groups': 'редуктор/хода/без мотора'}, {'name': 'Редуктор хода в сборе', 'marka': 'Hyundai', 'model': 'r210lc-9', 'price': 180000, 'image_url': 'https://1reduktor.ru/wp-content/cache/thumb/fb/ce065b3af2764fb_250x310.jpg', 'groups': 'редуктор/хода/в сборе'}]"
"гидравлический насос на doosan 225 цена","","насос/гидравлический/","predict","Hyundai","r210lc-9","[{'name': 'Редуктор хода', 'marka': 'Hyundai', 'model': 'r210lc-9', 'price': 180000, 'image_url': 'https://1reduktor.ru/wp-content/cache/thumb/fb/ce065b3af2764fb_250x310.jpg', 'groups': 'редуктор/хода/без мотора'}, {'name': 'Редуктор хода в сборе', 'marka': 'Hyundai', 'model': 'r210lc-9', 'price': 180000, 'image_url': 'https://1reduktor.ru/wp-content/cache/thumb/fb/ce065b3af2764fb_250x310.jpg', 'groups': 'редуктор/хода/в сборе'}]"
"гидравлический насос на doosan 225 цена","","насос/гидравлический/","predict","Hyundai","r210lc-9","[{'name': 'Редуктор хода', 'marka': 'Hyundai', 'model': 'r210lc-9', 'price': 180000, 'image_url': 'https://1reduktor.ru/wp-content/cache/thumb/fb/ce065b3af2764fb_250x310.jpg', 'groups': 'редуктор/хода/без мотора'}, {'name': 'Редуктор хода в сборе', 'marka': 'Hyundai', 'model': 'r210lc-9', 'price': 180000, 'image_url': 'https://1reduktor.ru/wp-content/cache/thumb/fb/ce065b3af2764fb_250x310.jpg', 'groups': 'редуктор/хода/в сборе'}]"
"гидравлический насос на doosan 225 цена","","насос/гидравлический/","predict","Doosan","225","[]"
"гидравлический насос на doosan 225 цена","","насос/гидравлический/","predict","Hyundai","r160lc-9","[{'name': 'Насос основной', 'marka': 'Hyundai', 'model': 'r160lc-9', 'price': 150000, 'image_url': 'https://гидро-насос.рф/wp-content/uploads/2019/02/31Q9-10030-1-480x480.jpg', 'groups': 'насос/гидравлический/основной'}, {'name': 'Редуктор хода', 'marka': 'Hyundai', 'model': 'r160lc-9', 'price': 180000, 'image_url': 'https://1reduktor.ru/wp-content/cache/thumb/fb/ce065b3af2764fb_250x310.jpg', 'groups': 'редуктор/хода/без мотора'}]"
"гидравлический насос на doosan 225 цена","","насос/гидравлический/","predict","Hyundai","r210lc-9","[{'name': 'Редуктор хода', 'marka': 'Hyundai', 'model': 'r210lc-9', 'price': 180000, 'image_url': 'https://1reduktor.ru/wp-content/cache/thumb/fb/ce065b3af2764fb_250x310.jpg', 'groups': 'редуктор/хода/без мотора'}, {'name': 'Редуктор хода в сборе', 'marka': 'Hyundai', 'model': 'r210lc-9', 'price': 180000, 'image_url': 'https://1reduktor.ru/wp-content/cache/thumb/fb/ce065b3af2764fb_250x310.jpg', 'groups': 'редуктор/хода/в сборе'}]"
"гидравлический насос на doosan 225 цена","","насос/гидравлический/","predict","Hyundai","r330lc-9","[{'name': 'Насос основной', 'marka': 'Hyundai', 'model': 'r330lc-9', 'price': 360000, 'image_url': 'https://гидро-насос.рф/wp-content/uploads/2019/02/31Q9-10030-1-480x480.jpg', 'groups': 'насос/гидравлический/основной'}, {'name': 'Редуктор хода', 'marka': 'Hyundai', 'model': 'r330lc-9', 'price': 220000, 'image_url': 'https://1reduktor.ru/wp-content/cache/thumb/fb/ce065b3af2764fb_250x310.jpg', 'groups': 'редуктор/хода/без мотора'}, {'name': 'Редуктор хода в сборе', 'marka': 'Hyundai', 'model': 'r330lc-9', 'price': 220000, 'image_url': 'https://1reduktor.ru/wp-content/cache/thumb/fb/ce065b3af2764fb_250x310.jpg', 'groups': 'редуктор/хода/в сборе'}]"
"гидравлический насос на doosan 225 цена","","насос/гидравлический/","predict","Doosan","225","[]"
"гидравлический насос на doosan 225 цена","","насос/гидравлический/","predict","Hyundai","r160lc-9","[{'name': 'Насос основной', 'marka': 'Hyundai', 'model': 'r160lc-9', 'price': 150000, 'image_url': 'https://гидро-насос.рф/wp-content/uploads/2019/02/31Q9-10030-1-480x480.jpg', 'groups': 'насос/гидравлический/основной'}, {'name': 'Редуктор хода', 'marka': 'Hyundai', 'model': 'r160lc-9', 'price': 180000, 'image_url': 'https://1reduktor.ru/wp-content/cache/thumb/fb/ce065b3af2764fb_250x310.jpg', 'groups': 'редуктор/хода/без мотора'}]"
"гидравлический насос на doosan 225 цена","","насос/гидравлический/","predict","Doosan","225","[]"
"гидравлический насос на doosan 225 цена","","насос/гидравлический/","predict","Doosan","225","[]"
"гидравлический насос на doosan 225 цена","","насос/гидравлический/","predict","Hyundai","r210lc-9","[{'name': 'Редуктор хода', 'marka': 'Hyundai', 'model': 'r210lc-9', 'price': 180000, 'image_url': 'https://1reduktor.ru/wp-content/cache/thumb/fb/ce065b3af2764fb_250x310.jpg', 'groups': 'редуктор/хода/без мотора'}, {'name': 'Редуктор хода в сборе', 'marka': 'Hyundai', 'model': 'r210lc-9', 'price': 180000, 'image_url': 'https://1reduktor.ru/wp-content/cache/thumb/fb/ce065b3af2764fb_250x310.jpg', 'groups': 'редуктор/хода/в сборе'}]"
"гидравлический насос на doosan 225 цена","","насос/гидравлический/","predict","Hyundai","r210lc-9","[{'name': 'Редуктор хода', 'marka': 'Hyundai', 'model': 'r210lc-9', 'price': 180000, 'image_url': 'https://1reduktor.ru/wp-content/cache/thumb/fb/ce065b3af2764fb_250x310.jpg', 'groups': 'редуктор/хода/без мотора'}, {'name': 'Редуктор хода в сборе', 'marka': 'Hyundai', 'model': 'r210lc-9', 'price': 180000, 'image_url': 'https://1reduktor.ru/wp-content/cache/thumb/fb/ce065b3af2764fb_250x310.jpg', 'groups': 'редуктор/хода/в сборе'}]"
"гидравлический насос на doosan 225 цена","","насос/гидравлический/","predict","Doosan","225","[]"
"гидравлический насос на doosan 225 цена","","насос/гидравлический/","predict","Doosan","225","[]"
"гидравлический насос на doosan 225 цена","","насос/гидравлический/","predict","Doosan","225","[]"
"гидравлический насос на doosan 225 цена","","насос/гидравлический/","predict","Doosan","225","[]"
"гидравлический насос на doosan 225 цена","","насос/гидравлический/","predict","Hyundai","r210lc-9","[{'name': 'Редуктор хода', 'marka': 'Hyundai', 'model': 'r210lc-9', 'price': 180000, 'image_url': 'https://1reduktor.ru/wp-content/cache/thumb/fb/ce065b3af2764fb_250x310.jpg', 'groups': 'редуктор/хода/без мотора'}, {'name': 'Редуктор хода в сборе', 'marka': 'Hyundai', 'model': 'r210lc-9', 'price': 180000, 'image_url': 'https://1reduktor.ru/wp-content/cache/thumb/fb/ce065b3af2764fb_250x310.jpg', 'groups': 'редуктор/хода/в сборе'}]"
"гидравлический насос на doosan 225 цена","","насос/гидравлический/","predict","Doosan","225","[]"
"гидравлический насос на doosan 225 цена","","насос/гидравлический/","predict","Hyundai","r210lc-9","[{'name': 'Редуктор хода', 'marka': 'Hyundai', 'model': 'r210lc-9', 'price': 180000, 'image_url': 'https://1reduktor.ru/wp-content/cache/thumb/fb/ce065b3af2764fb_250x310.jpg', 'groups': 'редуктор/хода/без мотора'}, {'name': 'Редуктор хода в сборе', 'marka': 'Hyundai', 'model': 'r210lc-9', 'price': 180000, 'image_url': 'https://1reduktor.ru/wp-content/cache/thumb/fb/ce065b3af2764fb_250x310.jpg', 'groups': 'редуктор/хода/в сборе'}]"
"гидравлический насос на doosan 225 цена","","насос/гидравлический/","predict","Doosan","225","[]"
"гидравлический насос на doosan 225 цена","","насос/гидравлический/","predict","Doosan","solar 225lcv","[{'name': 'Редуктор хода', 'marka': 'Doosan', 'model': 'solar 225lcv', 'price': 180000, 'image_url': 'https://1reduktor.ru/wp-content/cache/thumb/fb/ce065b3af2764fb_250x310.jpg', 'groups': 'редуктор/хода/без мотора'}]"
"гидравлический насос на doosan 225 цена","","насос/гидравлический/","predict","Hyundai","r160lc-9","[{'name': 'Насос основной', 'marka': 'Hyundai', 'model': 'r160lc-9', 'price': 150000, 'image_url': 'https://гидро-насос.рф/wp-content/uploads/2019/02/31Q9-10030-1-480x480.jpg', 'groups': 'насос/гидравлический/основной'}, {'name': 'Редуктор хода', 'marka': 'Hyundai', 'model': 'r160lc-9', 'price': 180000, 'image_url': 'https://1reduktor.ru/wp-content/cache/thumb/fb/ce065b3af2764fb_250x310.jpg', 'groups': 'редуктор/хода/без мотора'}]"
"гидравлический насос на doosan 225 цена","","насос/гидравлический/","predict","Doosan","225","[]"
"гидравлический насос на doosan 225 цена","","насос/гидравлический/","predict","Doosan","225","[]"
"гидравлический насос на doosan 225 цена","","насос/гидравлический/","predict","Doosan","225","[]"
"гидравлический насос на doosan 225 цена","","насос/гидравлический/","predict","Doosan","225","[]"
"гидравлический насос на doosan 225 цена","","насос/гидравлический/","predict","Doosan","225","[]"
"гидравлический насос на doosan 225 цена","","насос/гидравлический/","predict","Doosan","225","[]"
"гидравлический насос на doosan 225 цена","","насос/гидравлический/","predict","Doosan","225","[]"
"гидравлический насос на doosan 225 цена","","насос/гидравлический/","predict","Doosan","225","[]"
"гидравлический насос на doosan 225 цена","","насос/гидравлический/","predict","Hyundai","r210lc-9","[{'name': 'Редуктор хода', 'marka': 'Hyundai', 'model': 'r210lc-9', 'price': 180000, 'image_url': 'https://1reduktor.ru/wp-content/cache/thumb/fb/ce065b3af2764fb_250x310.jpg', 'groups': 'редуктор/хода/без мотора'}, {'name': 'Редуктор хода в сборе', 'marka': 'Hyundai', 'model': 'r210lc-9', 'price': 180000, 'image_url': 'https://1reduktor.ru/wp-content/cache/thumb/fb/ce065b3af2764fb_250x310.jpg', 'groups': 'редуктор/хода/в сборе'}]"
"гидравлический насос на doosan 225 цена","","насос/гидравлический/","predict","Doosan","225","[]"
"гидравлический насос на doosan 225 цена","","насос/гидравлический/","predict","Doosan","225","[]"
"гидравлический насос на doosan 225 цена","","насос/гидравлический/","predict","Doosan","225","[]"
"гидравлический насос на doosan 225 цена","","насос/гидравлический/","predict","Doosan","225","[]"
"гидравлический насос на doosan 225 цена","","насос/гидравлический/","predict","Hyundai","r160lc-9","[{'name': 'Насос основной', 'marka': 'Hyundai', 'model': 'r160lc-9', 'price': 150000, 'image_url': 'https://гидро-насос.рф/wp-content/uploads/2019/02/31Q9-10030-1-480x480.jpg', 'groups': 'насос/гидравлический/основной'}, {'name': 'Редуктор хода', 'marka': 'Hyundai', 'model': 'r160lc-9', 'price': 180000, 'image_url': 'https://1reduktor.ru/wp-content/cache/thumb/fb/ce065b3af2764fb_250x310.jpg', 'groups': 'редуктор/хода/без мотора'}]"
"гидравлический насос на doosan 225 цена","","насос/гидравлический/","predict","Doosan","225","[]"
"гидравлический насос на doosan 225 цена","","насос/гидравлический/","predict","Hyundai","r210lc-9","[{'name': 'Редуктор хода', 'marka': 'Hyundai', 'model': 'r210lc-9', 'price': 180000, 'image_url': 'https://1reduktor.ru/wp-content/cache/thumb/fb/ce065b3af2764fb_250x310.jpg', 'groups': 'редуктор/хода/без мотора'}, {'name': 'Редуктор хода в сборе', 'marka': 'Hyundai', 'model': 'r210lc-9', 'price': 180000, 'image_url': 'https://1reduktor.ru/wp-content/cache/thumb/fb/ce065b3af2764fb_250x310.jpg', 'groups': 'редуктор/хода/в сборе'}]"
"гидравлический насос на doosan 225 цена","","насос/гидравлический/","predict","Doosan","solar 225lcv","[{'name': 'Редуктор хода', 'marka': 'Doosan', 'model': 'solar 225lcv', 'price': 180000, 'image_url': 'https://1reduktor.ru/wp-content/cache/thumb/fb/ce065b3af2764fb_250x310.jpg', 'groups': 'редуктор/хода/без мотора'}]"
"гидравлический насос на doosan 225 цена","","насос/гидравлический/","predict","Doosan","225","[]"
"гидравлический насос на doosan 225 цена","","насос/гидравлический/","predict","Hyundai","r210lc-9","[{'name': 'Редуктор хода', 'marka': 'Hyundai', 'model': 'r210lc-9', 'price': 180000, 'image_url': 'https://1reduktor.ru/wp-content/cache/thumb/fb/ce065b3af2764fb_250x310.jpg', 'groups': 'редуктор/хода/без мотора'}, {'name': 'Редуктор хода в сборе', 'marka': 'Hyundai', 'model': 'r210lc-9', 'price': 180000, 'image_url': 'https://1reduktor.ru/wp-content/cache/thumb/fb/ce065b3af2764fb_250x310.jpg', 'groups': 'редуктор/хода/в сборе'}]"
"гидравлический насос на doosan 225 цена","","насос/гидравлический/","predict","Hyundai","r210lc-9","[{'name': 'Редуктор хода', 'marka': 'Hyundai', 'model': 'r210lc-9', 'price': 180000, 'image_url': 'https://1reduktor.ru/wp-content/cache/thumb/fb/ce065b3af2764fb_250x310.jpg', 'groups': 'редуктор/хода/без мотора'}, {'name': 'Редуктор хода в сборе', 'marka': 'Hyundai', 'model': 'r210lc-9', 'price': 180000, 'image_url': 'https://1reduktor.ru/wp-content/cache/thumb/fb/ce065b3af2764fb_250x310.jpg', 'groups': 'редуктор/хода/в сборе'}]"
"гидравлический насос на doosan 225 цена","","насос/гидравлический/","predict","Hyundai","r300lc-7","[{'name': 'Редуктор поворота', 'marka': 'Hyundai', 'model': 'r300lc-7', 'price': 450000, 'image_url': 'https://1reduktor.ru/wp-content/cache/thumb/fb/ce065b3af2764fb_250x310.jpg', 'groups': 'редуктор/поворота/без мотора'}]"
"гидравлический насос на doosan 225 цена","","насос/гидравлический/","predict","Doosan","solar 225lcv","[{'name': 'Редуктор хода', 'marka': 'Doosan', 'model': 'solar 225lcv', 'price': 180000, 'image_url': 'https://1reduktor.ru/wp-content/cache/thumb/fb/ce065b3af2764fb_250x310.jpg', 'groups': 'редуктор/хода/без мотора'}]"
"гидравлический насос на doosan 225 цена","","насос/гидравлический/","predict","Hyundai","r210lc-9","[{'name': 'Редуктор хода', 'marka': 'Hyundai', 'model': 'r210lc-9', 'price': 180000, 'image_url': 'https://1reduktor.ru/wp-content/cache/thumb/fb/ce065b3af2764fb_250x310.jpg', 'groups': 'редуктор/хода/без мотора'}, {'name': 'Редуктор хода в сборе', 'marka': 'Hyundai', 'model': 'r210lc-9', 'price': 180000, 'image_url': 'https://1reduktor.ru/wp-content/cache/thumb/fb/ce065b3af2764fb_250x310.jpg', 'groups': 'редуктор/хода/в сборе'}]"
"гидравлический насос на doosan 225 цена","","насос/гидравлический/","predict","Doosan","225","[]"
"гидравлический насос на doosan 225 цена","","насос/гидравлический/","predict","Doosan","solar 225lcv","[{'name': 'Редуктор хода', 'marka': 'Doosan', 'model': 'solar 225lcv', 'price': 180000, 'image_url': 'https://1reduktor.ru/wp-content/cache/thumb/fb/ce065b3af2764fb_250x310.jpg', 'groups': 'редуктор/хода/без мотора'}]"
"гидравлический насос на doosan 225 цена","","насос/гидравлический/","predict","Hyundai","r160lc-9","[{'name': 'Насос основной', 'marka': 'Hyundai', 'model': 'r160lc-9', 'price': 150000, 'image_url': 'https://гидро-насос.рф/wp-content/uploads/2019/02/31Q9-10030-1-480x480.jpg', 'groups': 'насос/гидравлический/основной'}, {'name': 'Редуктор хода', 'marka': 'Hyundai', 'model': 'r160lc-9', 'price': 180000, 'image_url': 'https://1reduktor.ru/wp-content/cache/thumb/fb/ce065b3af2764fb_250x310.jpg', 'groups': 'редуктор/хода/без мотора'}]"
"гидравлический насос на doosan 225 цена","","насос/гидравлический/","predict","Doosan","225","[]"
"гидравлический насос на doosan 225 цена","","насос/гидравлический/","predict","Hyundai","r210lc-9","[{'name': 'Редуктор хода', 'marka': 'Hyundai', 'model': 'r210lc-9', 'price': 180000, 'image_url': 'https://1reduktor.ru/wp-content/cache/thumb/fb/ce065b3af2764fb_250x310.jpg', 'groups': 'редуктор/хода/без мотора'}, {'name': 'Редуктор хода в сборе', 'marka': 'Hyundai', 'model': 'r210lc-9', 'price': 180000, 'image_url': 'https://1reduktor.ru/wp-content/cache/thumb/fb/ce065b3af2764fb_250x310.jpg', 'groups': 'редуктор/хода/в сборе'}]"
"гидравлический насос на doosan 225 цена","","насос/гидравлический/","predict","Hyundai","r160lc-9","[{'name': 'Насос основной', 'marka': 'Hyundai', 'model': 'r160lc-9', 'price': 150000, 'image_url': 'https://гидро-насос.рф/wp-content/uploads/2019/02/31Q9-10030-1-480x480.jpg', 'groups': 'насос/гидравлический/основной'}, {'name': 'Редуктор хода', 'marka': 'Hyundai', 'model': 'r160lc-9', 'price': 180000, 'image_url': 'https://1reduktor.ru/wp-content/cache/thumb/fb/ce065b3af2764fb_250x310.jpg', 'groups': 'редуктор/хода/без мотора'}]"
"гидравлический насос на doosan 225 цена","","насос/гидравлический/","predict","Doosan","160","[]"
"гидравлический насос на doosan 225 цена","","насос/гидравлический/","predict","Doosan","225","[]"
"гидравлический насос на doosan 225 цена","","насос/гидравлический/","predict","Doosan","225","[]"
"гидравлический насос на doosan 225 цена","","насос/гидравлический/","predict","Hyundai","r170w-9","[{'name': 'Насос основной', 'marka': 'Hyundai', 'model': 'r170w-9', 'price': 150000, 'image_url': 'https://гидро-насос.рф/wp-content/uploads/2019/02/31Q9-10030-1-480x480.jpg', 'groups': 'насос/гидравлический/основной'}, {'name': 'Редуктор поворота', 'marka': 'Hyundai', 'model': 'r170w-9', 'price': 190000, 'image_url': 'https://1reduktor.ru/wp-content/cache/thumb/fb/ce065b3af2764fb_250x310.jpg', 'groups': 'редуктор/поворота/без мотора'}]"
"гидравлический насос на doosan 225 цена","","насос/гидравлический/","predict","Doosan","225","[]"
"гидравлический насос на doosan 225 цена","","насос/гидравлический/","predict","Doosan","225","[]"
"гидравлический насос основной на doosan 225 цена","","насос/гидравлический/основной","predict","Doosan","225","[]"
"гидравлический насос основной на doosan 225 цена","","насос/гидравлический/основной","predict","Doosan","225","[]"
"гидравлический насос основной на doosan 225 цена","","насос/гидравлический/основной","predict","Doosan","225","[]"
"гидравлический насос основной на doosan 225 цена","","насос/гидравлический/основной","predict","Doosan","225","[]"
"гидравлический насос основной на doosan 225 цена","","насос/гидравлический/основной","predict","Doosan","225","[]"
"гидравлический насос основной на doosan 225 цена","","насос/гидравлический/основной","predict","Doosan","225","[]"
"гидравлический насос основной на doosan 225 цена","","насос/гидравлический/основной","predict","Doosan","225","[]"
"гидравлический насос основной на doosan 225 цена","","насос/гидравлический/основной","predict","Doosan","225","[]"
"doosan dx160w бортовой редуктор","","редуктор/хода/","predict","Doosan","dx160","[]"
"doosan dx160w бортовой редуктор","","редуктор/хода/","predict","Doosan","dx160","[]"
"doosan dx160w бортовой редуктор","","редуктор/хода/","predict","Doosan","dx160","[]"
"doosan dx160w бортовой редуктор","","редуктор/хода/","predict","Doosan","dx160","[]"
"doosan dx160w бортовой редуктор","","редуктор/хода/","predict","Doosan","dx160","[]"
"doosan dx160w бортовой редуктор","","редуктор/хода/","predict","Doosan","dx160","[]"
"doosan dx160w бортовой редуктор","","редуктор/хода/","predict","Doosan","dx160","[]"
"doosan dx160w бортовой редуктор","","редуктор/хода/","predict","Doosan","dx160","[]"
"коматсу 210 бортовой редуктор","","редуктор/хода/","predict","Hyundai","210","[]"
"коматсу 210 бортовой редуктор","","редуктор/хода/","predict","Hyundai","210","[]"
"коматсу 210 бортовой редуктор","","редуктор/хода/","predict","Hyundai","210","[]"
"коматсу pc210 бортовой редуктор","","редуктор/хода/","predict","Hyundai","r210lc-9","[{'name': 'Редуктор хода', 'marka': 'Hyundai', 'model': 'r210lc-9', 'price': 180000, 'image_url': 'https://1reduktor.ru/wp-content/cache/thumb/fb/ce065b3af2764fb_250x310.jpg', 'groups': 'редуктор/хода/без мотора'}, {'name': 'Редуктор хода в сборе', 'marka': 'Hyundai', 'model': 'r210lc-9', 'price': 180000, 'image_url': 'https://1reduktor.ru/wp-content/cache/thumb/fb/ce065b3af2764fb_250x310.jpg', 'groups': 'редуктор/хода/в сборе'}]"
"komatsu  pc210 бортовой редуктор","","редуктор/хода/","predict","Hyundai","r210lc-9","[{'name': 'Редуктор хода', 'marka': 'Hyundai', 'model': 'r210lc-9', 'price': 180000, 'image_url': 'https://1reduktor.ru/wp-content/cache/thumb/fb/ce065b3af2764fb_250x310.jpg', 'groups': 'редуктор/хода/без мотора'}, {'name': 'Редуктор хода в сборе', 'marka': 'Hyundai', 'model': 'r210lc-9', 'price': 180000, 'image_url': 'https://1reduktor.ru/wp-content/cache/thumb/fb/ce065b3af2764fb_250x310.jpg', 'groups': 'редуктор/хода/в сборе'}]"
"komatsu  pc210 бортовой редуктор","","редуктор/хода/","predict","Hyundai","r210lc-9","[{'name': 'Редуктор хода', 'marka': 'Hyundai', 'model': 'r210lc-9', 'price': 180000, 'image_url': 'https://1reduktor.ru/wp-content/cache/thumb/fb/ce065b3af2764fb_250x310.jpg', 'groups': 'редуктор/хода/без мотора'}, {'name': 'Редуктор хода в сборе', 'marka': 'Hyundai', 'model': 'r210lc-9', 'price': 180000, 'image_url': 'https://1reduktor.ru/wp-content/cache/thumb/fb/ce065b3af2764fb_250x310.jpg', 'groups': 'редуктор/хода/в сборе'}]"
"komatsu  бортовой редуктор","","редуктор/хода/","predict","Hyundai","r210lc-9","[{'name': 'Редуктор хода', 'marka': 'Hyundai', 'model': 'r210lc-9', 'price': 180000, 'image_url': 'https://1reduktor.ru/wp-content/cache/thumb/fb/ce065b3af2764fb_250x310.jpg', 'groups': 'редуктор/хода/без мотора'}, {'name': 'Редуктор хода в сборе', 'marka': 'Hyundai', 'model': 'r210lc-9', 'price': 180000, 'image_url': 'https://1reduktor.ru/wp-content/cache/thumb/fb/ce065b3af2764fb_250x310.jpg', 'groups': 'редуктор/хода/в сборе'}]"
"дусан 340 редуктор поворота","","редуктор/хода/","predict","Doosan","340","[]"
"дусан 340 редуктор поворота","","редуктор/хода/","predict","Doosan","340","[]"
"дусан 340 редуктор поворота вал","","редуктор/хода/","predict","Hyundai","r160lc-9","[{'name': 'Насос основной', 'marka': 'Hyundai', 'model': 'r160lc-9', 'price': 150000, 'image_url': 'https://гидро-насос.рф/wp-content/uploads/2019/02/31Q9-10030-1-480x480.jpg', 'groups': 'насос/гидравлический/основной'}, {'name': 'Редуктор хода', 'marka': 'Hyundai', 'model': 'r160lc-9', 'price': 180000, 'image_url': 'https://1reduktor.ru/wp-content/cache/thumb/fb/ce065b3af2764fb_250x310.jpg', 'groups': 'редуктор/хода/без мотора'}]"
"дусан 340 редуктор поворота вал","","редуктор/хода/","predict","Hyundai","r160lc-9","[{'name': 'Насос основной', 'marka': 'Hyundai', 'model': 'r160lc-9', 'price': 150000, 'image_url': 'https://гидро-насос.рф/wp-content/uploads/2019/02/31Q9-10030-1-480x480.jpg', 'groups': 'насос/гидравлический/основной'}, {'name': 'Редуктор хода', 'marka': 'Hyundai', 'model': 'r160lc-9', 'price': 180000, 'image_url': 'https://1reduktor.ru/wp-content/cache/thumb/fb/ce065b3af2764fb_250x310.jpg', 'groups': 'редуктор/хода/без мотора'}]"
"дусан 340 редуктор поворота вал","","редуктор/хода/","predict","Hyundai","r160lc-9","[{'name': 'Насос основной', 'marka': 'Hyundai', 'model': 'r160lc-9', 'price': 150000, 'image_url': 'https://гидро-насос.рф/wp-content/uploads/2019/02/31Q9-10030-1-480x480.jpg', 'groups': 'насос/гидравлический/основной'}, {'name': 'Редуктор хода', 'marka': 'Hyundai', 'model': 'r160lc-9', 'price': 180000, 'image_url': 'https://1reduktor.ru/wp-content/cache/thumb/fb/ce065b3af2764fb_250x310.jpg', 'groups': 'редуктор/хода/без мотора'}]"
"дусан 340 вал редуктор поворота ","","редуктор/хода/","predict","Hyundai","r160lc-9","[{'name': 'Насос основной', 'marka': 'Hyundai', 'model': 'r160lc-9', 'price': 150000, 'image_url': 'https://гидро-насос.рф/wp-content/uploads/2019/02/31Q9-10030-1-480x480.jpg', 'groups': 'насос/гидравлический/основной'}, {'name': 'Редуктор хода', 'marka': 'Hyundai', 'model': 'r160lc-9', 'price': 180000, 'image_url': 'https://1reduktor.ru/wp-content/cache/thumb/fb/ce065b3af2764fb_250x310.jpg', 'groups': 'редуктор/хода/без мотора'}]"
"дусан 340 вал редуктор поворота ","","редуктор/хода/","predict","Hyundai","r160lc-9","[{'name': 'Насос основной', 'marka': 'Hyundai', 'model': 'r160lc-9', 'price': 150000, 'image_url': 'https://гидро-насос.рф/wp-content/uploads/2019/02/31Q9-10030-1-480x480.jpg', 'groups': 'насос/гидравлический/основной'}, {'name': 'Редуктор хода', 'marka': 'Hyundai', 'model': 'r160lc-9', 'price': 180000, 'image_url': 'https://1reduktor.ru/wp-content/cache/thumb/fb/ce065b3af2764fb_250x310.jpg', 'groups': 'редуктор/хода/без мотора'}]"
"дусан 340 вал поворотный редуктор","","редуктор/хода/","predict","Hyundai","r160lc-9","[{'name': 'Насос основной', 'marka': 'Hyundai', 'model': 'r160lc-9', 'price': 150000, 'image_url': 'https://гидро-насос.рф/wp-content/uploads/2019/02/31Q9-10030-1-480x480.jpg', 'groups': 'насос/гидравлический/основной'}, {'name': 'Редуктор хода', 'marka': 'Hyundai', 'model': 'r160lc-9', 'price': 180000, 'image_url': 'https://1reduktor.ru/wp-content/cache/thumb/fb/ce065b3af2764fb_250x310.jpg', 'groups': 'редуктор/хода/без мотора'}]"
"дусан 340 поворотный редуктор","","редуктор/хода/","predict","Doosan","340","[]"
" поворотный редуктор Hyundai 	r160lc-7","","редуктор/хода/","predict","Hyundai","r160lc-7","[{'name': 'Насос основной', 'marka': 'Hyundai', 'model': 'r160lc-7', 'price': 150000, 'image_url': 'https://гидро-насос.рф/wp-content/uploads/2019/02/31Q9-10030-1-480x480.jpg', 'groups': 'насос/гидравлический/основной'}, {'name': 'Редуктор поворота', 'marka': 'Hyundai', 'model': 'r160lc-7', 'price': 190000, 'image_url': 'https://1reduktor.ru/wp-content/cache/thumb/fb/ce065b3af2764fb_250x310.jpg', 'groups': 'редуктор/поворота/без мотора'}, {'name': 'Редуктор хода', 'marka': 'Hyundai', 'model': 'r160lc-7', 'price': 180000, 'image_url': 'https://1reduktor.ru/wp-content/cache/thumb/fb/ce065b3af2764fb_250x310.jpg', 'groups': 'редуктор/хода/без мотора'}, {'name': 'Редуктор хода в сборе', 'marka': 'Hyundai', 'model': 'r160lc-7', 'price': 180000, 'image_url': 'https://1reduktor.ru/wp-content/cache/thumb/fb/ce065b3af2764fb_250x310.jpg', 'groups': 'редуктор/хода/в сборе'}]"
" поворотный редуктор Hyundai 	r160lc-7","","редуктор/хода/","predict","Hyundai","r160lc-7","[{'name': 'Насос основной', 'marka': 'Hyundai', 'model': 'r160lc-7', 'price': 150000, 'image_url': 'https://гидро-насос.рф/wp-content/uploads/2019/02/31Q9-10030-1-480x480.jpg', 'groups': 'насос/гидравлический/основной'}, {'name': 'Редуктор поворота', 'marka': 'Hyundai', 'model': 'r160lc-7', 'price': 190000, 'image_url': 'https://1reduktor.ru/wp-content/cache/thumb/fb/ce065b3af2764fb_250x310.jpg', 'groups': 'редуктор/поворота/без мотора'}, {'name': 'Редуктор хода', 'marka': 'Hyundai', 'model': 'r160lc-7', 'price': 180000, 'image_url': 'https://1reduktor.ru/wp-content/cache/thumb/fb/ce065b3af2764fb_250x310.jpg', 'groups': 'редуктор/хода/без мотора'}, {'name': 'Редуктор хода в сборе', 'marka': 'Hyundai', 'model': 'r160lc-7', 'price': 180000, 'image_url': 'https://1reduktor.ru/wp-content/cache/thumb/fb/ce065b3af2764fb_250x310.jpg', 'groups': 'редуктор/хода/в сборе'}]"
" поворотный редуктор Hyundai 	r160lc-7","","редуктор/хода/","predict","Hyundai","r160lc-7","[{'name': 'Насос основной', 'marka': 'Hyundai', 'model': 'r160lc-7', 'price': 150000, 'image_url': 'https://гидро-насос.рф/wp-content/uploads/2019/02/31Q9-10030-1-480x480.jpg', 'groups': 'насос/гидравлический/основной'}, {'name': 'Редуктор поворота', 'marka': 'Hyundai', 'model': 'r160lc-7', 'price': 190000, 'image_url': 'https://1reduktor.ru/wp-content/cache/thumb/fb/ce065b3af2764fb_250x310.jpg', 'groups': 'редуктор/поворота/без мотора'}, {'name': 'Редуктор хода', 'marka': 'Hyundai', 'model': 'r160lc-7', 'price': 180000, 'image_url': 'https://1reduktor.ru/wp-content/cache/thumb/fb/ce065b3af2764fb_250x310.jpg', 'groups': 'редуктор/хода/без мотора'}, {'name': 'Редуктор хода в сборе', 'marka': 'Hyundai', 'model': 'r160lc-7', 'price': 180000, 'image_url': 'https://1reduktor.ru/wp-content/cache/thumb/fb/ce065b3af2764fb_250x310.jpg', 'groups': 'редуктор/хода/в сборе'}]"
" поворотный редуктор Hyundai 	r160","","редуктор/хода/","predict","Hyundai","r210lc-9","[{'name': 'Редуктор хода', 'marka': 'Hyundai', 'model': 'r210lc-9', 'price': 180000, 'image_url': 'https://1reduktor.ru/wp-content/cache/thumb/fb/ce065b3af2764fb_250x310.jpg', 'groups': 'редуктор/хода/без мотора'}, {'name': 'Редуктор хода в сборе', 'marka': 'Hyundai', 'model': 'r210lc-9', 'price': 180000, 'image_url': 'https://1reduktor.ru/wp-content/cache/thumb/fb/ce065b3af2764fb_250x310.jpg', 'groups': 'редуктор/хода/в сборе'}]"
" поворотный редуктор Hyundai 	r160","","редуктор/хода/","predict","Hyundai","r210lc-9","[{'name': 'Редуктор хода', 'marka': 'Hyundai', 'model': 'r210lc-9', 'price': 180000, 'image_url': 'https://1reduktor.ru/wp-content/cache/thumb/fb/ce065b3af2764fb_250x310.jpg', 'groups': 'редуктор/хода/без мотора'}, {'name': 'Редуктор хода в сборе', 'marka': 'Hyundai', 'model': 'r210lc-9', 'price': 180000, 'image_url': 'https://1reduktor.ru/wp-content/cache/thumb/fb/ce065b3af2764fb_250x310.jpg', 'groups': 'редуктор/хода/в сборе'}]"
" поворотный редуктор Hyundai 	r160","","редуктор/хода/","predict","Hyundai","r210lc-9","[{'name': 'Редуктор хода', 'marka': 'Hyundai', 'model': 'r210lc-9', 'price': 180000, 'image_url': 'https://1reduktor.ru/wp-content/cache/thumb/fb/ce065b3af2764fb_250x310.jpg', 'groups': 'редуктор/хода/без мотора'}, {'name': 'Редуктор хода в сборе', 'marka': 'Hyundai', 'model': 'r210lc-9', 'price': 180000, 'image_url': 'https://1reduktor.ru/wp-content/cache/thumb/fb/ce065b3af2764fb_250x310.jpg', 'groups': 'редуктор/хода/в сборе'}]"
"поворотный редуктор Hyundai 	r160","","редуктор/хода/","predict","Hyundai","r210lc-9","[{'name': 'Редуктор хода', 'marka': 'Hyundai', 'model': 'r210lc-9', 'price': 180000, 'image_url': 'https://1reduktor.ru/wp-content/cache/thumb/fb/ce065b3af2764fb_250x310.jpg', 'groups': 'редуктор/хода/без мотора'}, {'name': 'Редуктор хода в сборе', 'marka': 'Hyundai', 'model': 'r210lc-9', 'price': 180000, 'image_url': 'https://1reduktor.ru/wp-content/cache/thumb/fb/ce065b3af2764fb_250x310.jpg', 'groups': 'редуктор/хода/в сборе'}]"
"поворотный редуктор Hyundai 	r140","","редуктор/хода/","predict","Hyundai","r210lc-9","[{'name': 'Редуктор хода', 'marka': 'Hyundai', 'model': 'r210lc-9', 'price': 180000, 'image_url': 'https://1reduktor.ru/wp-content/cache/thumb/fb/ce065b3af2764fb_250x310.jpg', 'groups': 'редуктор/хода/без мотора'}, {'name': 'Редуктор хода в сборе', 'marka': 'Hyundai', 'model': 'r210lc-9', 'price': 180000, 'image_url': 'https://1reduktor.ru/wp-content/cache/thumb/fb/ce065b3af2764fb_250x310.jpg', 'groups': 'редуктор/хода/в сборе'}]"
"поворотный редуктор Hyundai 	r140","","редуктор/хода/","predict","Hyundai","r210lc-9","[{'name': 'Редуктор хода', 'marka': 'Hyundai', 'model': 'r210lc-9', 'price': 180000, 'image_url': 'https://1reduktor.ru/wp-content/cache/thumb/fb/ce065b3af2764fb_250x310.jpg', 'groups': 'редуктор/хода/без мотора'}, {'name': 'Редуктор хода в сборе', 'marka': 'Hyundai', 'model': 'r210lc-9', 'price': 180000, 'image_url': 'https://1reduktor.ru/wp-content/cache/thumb/fb/ce065b3af2764fb_250x310.jpg', 'groups': 'редуктор/хода/в сборе'}]"
"поворотный редуктор хендай 	r140","","редуктор/хода/","predict","Hyundai","r210lc-9","[{'name': 'Редуктор хода', 'marka': 'Hyundai', 'model': 'r210lc-9', 'price': 180000, 'image_url': 'https://1reduktor.ru/wp-content/cache/thumb/fb/ce065b3af2764fb_250x310.jpg', 'groups': 'редуктор/хода/без мотора'}, {'name': 'Редуктор хода в сборе', 'marka': 'Hyundai', 'model': 'r210lc-9', 'price': 180000, 'image_url': 'https://1reduktor.ru/wp-content/cache/thumb/fb/ce065b3af2764fb_250x310.jpg', 'groups': 'редуктор/хода/в сборе'}]"
"гидравлический насос на doosan 225 цена","","насос/гидравлический/","predict","Doosan","225","[]"
"насос экскаватора hyundai r210lc","","насос/","predict","Hyundai","210","[]"
"doosan dx160w бортовой редуктор","","редуктор/хода/","predict","Doosan","dx160","[]"
"редуктор в сборе вольво 360","","редуктор/хода/в сборе","predict","Hyundai","360","[]"
"редуктор в сборе вольво 360","","редуктор/хода/в сборе","predict","Hyundai","360","[]"
"редуктор в сборе вольво 340","","редуктор/хода/в сборе","predict","Doosan","340","[]"
"редуктор в сборе вольво 380","","редуктор/хода/в сборе","predict","Hyundai","380","[]"
"редуктор в сборе вольво 380","","редуктор/хода/в сборе","predict","Hyundai","380","[]"
"насос экскаватора hyundai r210lc","","насос/","predict","Hyundai","210","[]"
"гидравлический насос на doosan 225 цена","","насос/гидравлический/","predict","Doosan","225","[]"
"гидравлический насос на вольво ec180","","насос/гидравлический/","predict","Hyundai","r210lc-9","[{'name': 'Редуктор хода', 'marka': 'Hyundai', 'model': 'r210lc-9', 'price': 180000, 'image_url': 'https://1reduktor.ru/wp-content/cache/thumb/fb/ce065b3af2764fb_250x310.jpg', 'groups': 'редуктор/хода/без мотора'}, {'name': 'Редуктор хода в сборе', 'marka': 'Hyundai', 'model': 'r210lc-9', 'price': 180000, 'image_url': 'https://1reduktor.ru/wp-content/cache/thumb/fb/ce065b3af2764fb_250x310.jpg', 'groups': 'редуктор/хода/в сборе'}]"
"гидравлический насос на вольво ec180","","насос/гидравлический/","predict","Hyundai","r210lc-9","[{'name': 'Редуктор хода', 'marka': 'Hyundai', 'model': 'r210lc-9', 'price': 180000, 'image_url': 'https://1reduktor.ru/wp-content/cache/thumb/fb/ce065b3af2764fb_250x310.jpg', 'groups': 'редуктор/хода/без мотора'}, {'name': 'Редуктор хода в сборе', 'marka': 'Hyundai', 'model': 'r210lc-9', 'price': 180000, 'image_url': 'https://1reduktor.ru/wp-content/cache/thumb/fb/ce065b3af2764fb_250x310.jpg', 'groups': 'редуктор/хода/в сборе'}]"
"гидравлический насос на вольво ec180","","насос/гидравлический/","predict","Hyundai","r210lc-9","[{'name': 'Редуктор хода', 'marka': 'Hyundai', 'model': 'r210lc-9', 'price': 180000, 'image_url': 'https://1reduktor.ru/wp-content/cache/thumb/fb/ce065b3af2764fb_250x310.jpg', 'groups': 'редуктор/хода/без мотора'}, {'name': 'Редуктор хода в сборе', 'marka': 'Hyundai', 'model': 'r210lc-9', 'price': 180000, 'image_url': 'https://1reduktor.ru/wp-content/cache/thumb/fb/ce065b3af2764fb_250x310.jpg', 'groups': 'редуктор/хода/в сборе'}]"
"насос экскаватора hyundai r210lc","","насос/","predict","Hyundai","210","[]"
"насос экскаватора hyundai r210lc7","","насос/","predict","Hyundai","r210lc-9","[{'name': 'Редуктор хода', 'marka': 'Hyundai', 'model': 'r210lc-9', 'price': 180000, 'image_url': 'https://1reduktor.ru/wp-content/cache/thumb/fb/ce065b3af2764fb_250x310.jpg', 'groups': 'редуктор/хода/без мотора'}, {'name': 'Редуктор хода в сборе', 'marka': 'Hyundai', 'model': 'r210lc-9', 'price': 180000, 'image_url': 'https://1reduktor.ru/wp-content/cache/thumb/fb/ce065b3af2764fb_250x310.jpg', 'groups': 'редуктор/хода/в сборе'}]"
"насос экскаватора hyundai r210lc-7","","насос/","predict","Hyundai","r210lc-7","[{'name': 'Насос основной', 'marka': 'Hyundai', 'model': 'r210lc-7', 'price': 180000, 'image_url': 'https://гидро-насос.рф/wp-content/uploads/2019/02/31Q9-10030-1-480x480.jpg', 'groups': 'насос/гидравлический/основной'}, {'name': 'Редуктор поворота', 'marka': 'Hyundai', 'model': 'r210lc-7', 'price': 300000, 'image_url': 'https://1reduktor.ru/wp-content/cache/thumb/fb/ce065b3af2764fb_250x310.jpg', 'groups': 'редуктор/поворота/без мотора'}, {'name': 'Редуктор хода', 'marka': 'Hyundai', 'model': 'r210lc-7', 'price': 180000, 'image_url': 'https://1reduktor.ru/wp-content/cache/thumb/fb/ce065b3af2764fb_250x310.jpg', 'groups': 'редуктор/хода/без мотора'}, {'name': 'Редуктор хода в сборе', 'marka': 'Hyundai', 'model': 'r210lc-7', 'price': 120000, 'image_url': 'https://1reduktor.ru/wp-content/cache/thumb/fb/ce065b3af2764fb_250x310.jpg', 'groups': 'редуктор/хода/в сборе'}]"
"редуктор без гидромотора Hyundai 210 - 7","","редуктор/хода/в сборе","predict","Hyundai","r210/7","[{'name': 'Редуктор хода в сборе', 'marka': 'Hyundai', 'model': 'r210lc-7', 'price': 120000, 'image_url': 'https://1reduktor.ru/wp-content/cache/thumb/fb/ce065b3af2764fb_250x310.jpg', 'groups': 'редуктор/хода/в сборе'}]"
"редуктор без гидромотора Hyundai 210 - 7","","редуктор/хода/в сборе","predict","Hyundai","r210/7","[{'name': 'Редуктор хода в сборе', 'marka': 'Hyundai', 'model': 'r210lc-7', 'price': 120000, 'image_url': 'https://1reduktor.ru/wp-content/cache/thumb/fb/ce065b3af2764fb_250x310.jpg', 'groups': 'редуктор/хода/в сборе'}]"
"редуктор без гидромотора Hyundai 210 - 7","","редуктор/хода/в сборе","predict","Hyundai","r210/7","[{'name': 'Редуктор хода в сборе', 'marka': 'Hyundai', 'model': 'r210lc-7', 'price': 120000, 'image_url': 'https://1reduktor.ru/wp-content/cache/thumb/fb/ce065b3af2764fb_250x310.jpg', 'groups': 'редуктор/хода/в сборе'}]"
"редуктор без гидромотора Hyundai 210 - 7","","редуктор/хода/в сборе","predict","Hyundai","r210/7","[{'name': 'Редуктор хода в сборе', 'marka': 'Hyundai', 'model': 'r210lc-7', 'price': 120000, 'image_url': 'https://1reduktor.ru/wp-content/cache/thumb/fb/ce065b3af2764fb_250x310.jpg', 'groups': 'редуктор/хода/в сборе'}]"
"редуктор без гидромотора Hyundai 210 - 7","","редуктор/хода/в сборе","predict","Hyundai","r210/7","[{'name': 'Редуктор хода в сборе', 'marka': 'Hyundai', 'model': 'r210lc-7', 'price': 120000, 'image_url': 'https://1reduktor.ru/wp-content/cache/thumb/fb/ce065b3af2764fb_250x310.jpg', 'groups': 'редуктор/хода/в сборе'}]"
"редуктор без гидромотора Hyundai  160- 7","","редуктор/хода/в сборе","predict","Hyundai","r250/7","[{'name': 'Редуктор хода в сборе', 'marka': 'Hyundai', 'model': 'r250lc-7', 'price': 120000, 'image_url': 'https://1reduktor.ru/wp-content/cache/thumb/fb/ce065b3af2764fb_250x310.jpg', 'groups': 'редуктор/хода/в сборе'}]"
"редуктор без гидромотора Hyundai  160 7","","редуктор/хода/без мотора","predict","Hyundai","r250/7","[{'name': 'Редуктор хода', 'marka': 'Hyundai', 'model': 'r250lc-7', 'price': 180000, 'image_url': 'https://1reduktor.ru/wp-content/cache/thumb/fb/ce065b3af2764fb_250x310.jpg', 'groups': 'редуктор/хода/без мотора'}]"
"редуктор без гидромотора Hyundai  160","","редуктор/хода/без мотора","predict","Hyundai","160","[{'name': 'Редуктор хода', 'marka': 'Hyundai', 'model': 'r160lc-7', 'price': 180000, 'image_url': 'https://1reduktor.ru/wp-content/cache/thumb/fb/ce065b3af2764fb_250x310.jpg', 'groups': 'редуктор/хода/без мотора'}, {'name': 'Редуктор хода', 'marka': 'Hyundai', 'model': 'r160lc-9', 'price': 180000, 'image_url': 'https://1reduktor.ru/wp-content/cache/thumb/fb/ce065b3af2764fb_250x310.jpg', 'groups': 'редуктор/хода/без мотора'}]"
"насос ъ Hyundai  160","","насос/","predict","Hyundai","160","[{'name': 'Насос основной', 'marka': 'Hyundai', 'model': 'r160lc-7', 'price': 150000, 'image_url': 'https://гидро-насос.рф/wp-content/uploads/2019/02/31Q9-10030-1-480x480.jpg', 'groups': 'насос/гидравлический/основной'}, {'name': 'Насос основной', 'marka': 'Hyundai', 'model': 'r160lc-9', 'price': 150000, 'image_url': 'https://гидро-насос.рф/wp-content/uploads/2019/02/31Q9-10030-1-480x480.jpg', 'groups': 'насос/гидравлический/основной'}]"
"насос ъ Hyundai  160","","насос/","predict","Hyundai","160","[{'name': 'Насос основной', 'marka': 'Hyundai', 'model': 'r160lc-7', 'price': 150000, 'image_url': 'https://гидро-насос.рф/wp-content/uploads/2019/02/31Q9-10030-1-480x480.jpg', 'groups': 'насос/гидравлический/основной'}, {'name': 'Насос основной', 'marka': 'Hyundai', 'model': 'r160lc-9', 'price': 150000, 'image_url': 'https://гидро-насос.рф/wp-content/uploads/2019/02/31Q9-10030-1-480x480.jpg', 'groups': 'насос/гидравлический/основной'}]"
"2022-12-26T13:54:18.171385","172.17.0.1","насос ъ Hyundai  160","","насос/","predict","Hyundai","160","[{'name': 'Насос основной', 'marka': 'Hyundai', 'model': 'r160lc-7', 'price': 150000, 'image_url': 'https://гидро-насос.рф/wp-content/uploads/2019/02/31Q9-10030-1-480x480.jpg', 'groups': 'насос/гидравлический/основной'}, {'name': 'Насос основной', 'marka': 'Hyundai', 'model': 'r160lc-9', 'price': 150000, 'image_url': 'https://гидро-насос.рф/wp-content/uploads/2019/02/31Q9-10030-1-480x480.jpg', 'groups': 'насос/гидравлический/основной'}]"
"2022-12-26T13:59:17.400977+02:30","172.17.0.1","насос ъ Hyundai  160","","насос/","predict","Hyundai","160","[{'name': 'Насос основной', 'marka': 'Hyundai', 'model': 'r160lc-7', 'price': 150000, 'image_url': 'https://гидро-насос.рф/wp-content/uploads/2019/02/31Q9-10030-1-480x480.jpg', 'groups': 'насос/гидравлический/основной'}, {'name': 'Насос основной', 'marka': 'Hyundai', 'model': 'r160lc-9', 'price': 150000, 'image_url': 'https://гидро-насос.рф/wp-content/uploads/2019/02/31Q9-10030-1-480x480.jpg', 'groups': 'насос/гидравлический/основной'}]"
"2022-12-29T14:00:52.724593","172.17.0.1","насос ъ Hyundai  160","","насос/","predict","Hyundai","160","[{'name': 'Насос основной', 'marka': 'Hyundai', 'model': 'r160lc-7', 'price': 150000, 'image_url': 'https://гидро-насос.рф/wp-content/uploads/2019/02/31Q9-10030-1-480x480.jpg', 'groups': 'насос/гидравлический/основной'}, {'name': 'Насос основной', 'marka': 'Hyundai', 'model': 'r160lc-9', 'price': 150000, 'image_url': 'https://гидро-насос.рф/wp-content/uploads/2019/02/31Q9-10030-1-480x480.jpg', 'groups': 'насос/гидравлический/основной'}]"
"2022-12-26T17:01:21.957340","172.17.0.1","насос ъ Hyundai  160","","насос/","predict","Hyundai","160","[{'name': 'Насос основной', 'marka': 'Hyundai', 'model': 'r160lc-7', 'price': 150000, 'image_url': 'https://гидро-насос.рф/wp-content/uploads/2019/02/31Q9-10030-1-480x480.jpg', 'groups': 'насос/гидравлический/основной'}, {'name': 'Насос основной', 'marka': 'Hyundai', 'model': 'r160lc-9', 'price': 150000, 'image_url': 'https://гидро-насос.рф/wp-content/uploads/2019/02/31Q9-10030-1-480x480.jpg', 'groups': 'насос/гидравлический/основной'}]"
